{
    "Blmngtn_0": 3361.4166666666665,
    "Blmngtn_3": 3486.4,
    "Blueste_0": 1950.0,
    "Blueste_1": 1300.0,
    "BrDale_1": 1801.0,
    "BrkSide_0": 8931.3,
    "BrkSide_1": 6615.630434782609,
    "BrkSide_3": 16636.0,
    "ClearCr_0": 14885.083333333334,
    "ClearCr_1": 16381.666666666666,
    "ClearCr_2": 64574.5,
    "ClearCr_3": 46146.0,
    "CollgCr_0": 9485.790322580646,
    "CollgCr_1": 7973.2,
    "CollgCr_2": 10341.5,
    "CollgCr_3": 10633.166666666666,
    "Crawfor_0": 11726.882352941177,
    "Crawfor_1": 8247.666666666666,
    "Crawfor_2": 12597.5,
    "Crawfor_3": 13322.263157894737,
    "Edwards_0": 14244.368421052632,
    "Edwards_1": 9001.355263157895,
    "Edwards_2": 13286.0,
    "Edwards_3": 13458.25,
    "Gilbert_0": 10485.93220338983,
    "Gilbert_1": 26894.0,
    "Gilbert_2": 17135.0,
    "Gilbert_3": 12014.0625,
    "IDOTRR_0": 10719.333333333334,
    "IDOTRR_1": 7878.85294117647,
    "MeadowV_0": 3964.0,
    "MeadowV_1": 2221.5,
    "Mitchel_0": 11055.666666666666,
    "Mitchel_1": 12087.619047619048,
    "Mitchel_3": 12603.5,
    "NAmes_0": 10567.538461538461,
    "NAmes_1": 9338.963503649635,
    "NAmes_2": 13860.0,
    "NAmes_3": 18212.777777777777,
    "NPkVill_0": 2296.25,
    "NPkVill_1": 4044.4,
    "NWAmes_0": 11558.98076923077,
    "NWAmes_1": 10512.666666666666,
    "NWAmes_3": 13314.133333333333,
    "NoRidge_0": 10186.0,
    "NoRidge_2": 14198.944444444445,
    "NoRidge_3": 12857.368421052632,
    "NoRidge_4": 24306.0,
    "NridgHt_0": 5271.538461538462,
    "NridgHt_2": 12779.263157894737,
    "NridgHt_3": 10385.045454545454,
    "NridgHt_4": 13939.75,
    "OldTown_0": 9617.166666666666,
    "OldTown_1": 7525.7,
    "OldTown_2": 18225.0,
    "OldTown_3": 13508.666666666666,
    "SWISU_0": 8957.888888888889,
    "SWISU_1": 7660.5,
    "SawyerW_0": 9378.52,
    "SawyerW_1": 8476.466666666667,
    "SawyerW_2": 11694.333333333334,
    "SawyerW_3": 11800.6875,
    "Sawyer_0": 11860.59090909091,
    "Sawyer_1": 9866.423076923076,
    "Somerst_0": 4941.222222222223,
    "Somerst_1": 3392.0,
    "Somerst_2": 10831.8,
    "Somerst_3": 10034.973684210527,
    "StoneBr_0": 4927.6,
    "StoneBr_2": 11763.0,
    "StoneBr_3": 6785.888888888889,
    "StoneBr_4": 28994.333333333332,
    "Timber_0": 16476.64285714286,
    "Timber_1": 14375.0,
    "Timber_2": 40019.25,
    "Timber_3": 22269.266666666666,
    "Veenker_0": 11545.4,
    "Veenker_2": 30558.5,
    "Veenker_3": 13205.5
}